<?xml version="1.0" encoding="utf-8"?>
<ModMetaData>
  <name>Raid Takeover - Uprising Awaits</name>
  <author>Hamez101</author>
  <packageId>Raid.Takeover</packageId>
  <description>When all colonists down during a raid: Raiders become new colonists, originals become slaves.</description>
  <supportedVersions>
    <li>1.5</li>
    <li>1.6</li>
  </supportedVersions>
  <loadAfter>
    <li>ludeon.rimworld</li>
    <li>ludeon.rimworld.ideology</li>
    <li>ludeon.rimworld.royalty</li>
    <li>ludeon.rimworld.anomaly</li>
    <li>brrainz.harmony</li>
  </loadAfter>
</ModMetaData>